Date_Ordinal,Category_Encoded,Amount
-1.7494442185555281,0.8124217049136657,-0.46617209204375093
-1.7494442185555281,-1.4932463197409143,-0.47330810501628917
-1.7494442185555281,0.2360046987500207,-0.47407512368512245
-1.7494442185555281,0.2360046987500207,-0.46852793509802465
-1.7494442185555281,0.8124217049136657,-0.4806906597038096
-1.7305497111999308,-1.4932463197409143,-0.39926340994999016
-1.721102457522132,1.3888387110773108,-0.4590908661189865
-1.721102457522132,-0.3404123074136243,1.5587298001522385
-1.7116552038443333,-0.9168293135772694,-0.4537765224849273
-1.7116552038443333,0.8124217049136657,-0.4493935586630228
-1.7116552038443333,0.8124217049136657,-0.4700208821498608
-1.7116552038443333,0.8124217049136657,-0.37832106093845275
-1.7022079501665346,-0.3404123074136243,1.5587298001522385
-1.7022079501665346,-0.3404123074136243,1.5587298001522385
-1.7022079501665346,1.3888387110773108,-0.29033306221372
-1.7022079501665346,1.3888387110773108,-0.29033306221372
-1.692760696488736,0.2360046987500207,-0.44687335446542775
-1.692760696488736,-0.9168293135772694,-0.47612963797664015
-1.692760696488736,0.2360046987500207,-0.3720616407302954
-1.692760696488736,0.8124217049136657,-0.4445859952208713
-1.6833134428109373,0.2360046987500207,-0.38406000419275893
-1.6833134428109373,-1.4932463197409143,-0.42586252164417304
-1.6738661891331386,-0.9168293135772694,-0.46933604405268825
-1.6738661891331386,-1.4932463197409143,-0.37189727958697394
-1.6644189354553398,1.3888387110773108,-0.46226851488986725
-1.6644189354553398,0.2360046987500207,-0.4566528424930521
-1.6644189354553398,0.2360046987500207,-0.36603506547517667
-1.6644189354553398,0.2360046987500207,-0.45389979334241837
-1.654971681777541,-1.4932463197409143,-0.3960309741313356
-1.654971681777541,-0.9168293135772694,-0.4644326032769326
-1.654971681777541,1.3888387110773108,-0.4585840859270787
-1.654971681777541,0.8124217049136657,-0.3823205154259406
-1.6455244280997425,-1.4932463197409143,-0.4651311381360486
-1.6455244280997425,-0.3404123074136243,1.5587298001522385
-1.6360771744219438,1.3888387110773108,-0.42235615058664944
-1.626629920744145,-0.3404123074136243,1.5587298001522385
-1.626629920744145,-1.4932463197409143,-0.4263419083121939
-1.626629920744145,-0.3404123074136243,1.5587298001522385
-1.6171826670663463,-1.4932463197409143,-0.48151246542041665
-1.6077354133885478,-1.4932463197409143,-0.46556943451823907
-1.598288159710749,-1.4932463197409143,-0.43740889196250266
-1.598288159710749,0.8124217049136657,-0.3656241626168731
-1.598288159710749,1.3888387110773108,-0.4357926740531754
-1.598288159710749,-1.4932463197409143,-0.4439285506475856
-1.598288159710749,0.2360046987500207,5.985549563306342
-1.598288159710749,0.2360046987500207,5.56668985324551
-1.5888409060329503,-0.9168293135772694,-0.474061426923179
-1.5888409060329503,-1.4932463197409143,-0.4408056889244787
-1.5888409060329503,0.2360046987500207,-0.4110426252213585
-1.5793936523551515,-0.9168293135772694,-0.46977434043487865
-1.5793936523551515,0.8124217049136657,-0.45220139486143035
-1.5793936523551515,0.8124217049136657,-0.4030574130083262
-1.5793936523551515,-1.4932463197409143,-0.4680896387158342
-1.5604991449995542,-0.3404123074136243,1.5587298001522385
-1.5604991449995542,-0.3404123074136243,1.5587298001522385
-1.5604991449995542,1.3888387110773108,-0.43820330415522285
-1.5604991449995542,-1.4932463197409143,-0.38021121408664904
-1.5604991449995542,0.2360046987500207,-0.4483799982792073
-1.5604991449995542,1.3888387110773108,-0.47874571950783945
-1.5510518913217555,-1.4932463197409143,-0.47821154579204483
-1.5510518913217555,0.2360046987500207,-0.45226987867114765
-1.5510518913217555,-0.9168293135772694,-0.46618578880569433
-1.5510518913217555,-0.3404123074136243,1.5587298001522385
-1.5416046376439567,-0.9168293135772694,-0.48175900713539876
-1.5416046376439567,1.3888387110773108,-0.4337107662377708
-1.5416046376439567,-0.9168293135772694,-0.4761022444527533
-1.5416046376439567,0.8124217049136657,-0.41127547017439714
-1.532157383966158,0.2360046987500207,3.0938850161736013
-1.5132628766105607,-0.9168293135772694,-0.47392445930374455
-1.5132628766105607,-0.3404123074136243,1.5587298001522385
-1.5132628766105607,-0.3404123074136243,1.5587298001522385
-1.5132628766105607,0.8124217049136657,-0.37400658092626543
-1.5132628766105607,-1.4932463197409143,-0.3965377543232433
-1.503815622932762,1.3888387110773108,-0.45970722040644185
-1.503815622932762,0.2360046987500207,-0.4156036469485278
-1.503815622932762,0.2360046987500207,-0.40398879282048095
-1.4943683692549632,-1.4932463197409143,-0.39429148536451725
-1.4943683692549632,0.8124217049136657,-0.3816904643765418
-1.4943683692549632,0.8124217049136657,-0.3727190853035811
-1.4849211155771644,-1.4932463197409143,-0.4474623152289961
-1.4849211155771644,0.8124217049136657,-0.4742531815903873
-1.4849211155771644,0.2360046987500207,-0.41797318676474493
-1.4849211155771644,0.8124217049136657,-0.4071938351152486
-1.475473861899366,-0.9168293135772694,-0.4623096051756976
-1.475473861899366,-1.4932463197409143,-0.44694183827514494
-1.4660266082215672,-1.4932463197409143,-0.4394771030159638
-1.4660266082215672,0.8124217049136657,-0.46887035414661093
-1.4660266082215672,-1.4932463197409143,-0.45284514267277254
-1.4565793545437684,0.8124217049136657,-0.36361073861118576
-1.4565793545437684,1.3888387110773108,-0.4751434711167117
-1.4565793545437684,0.8124217049136657,-0.4087004789290283
-1.4565793545437684,-0.9168293135772694,-0.4665145110923372
-1.4471321008659697,0.2360046987500207,2.8276218014237435
-1.4471321008659697,1.3888387110773108,-0.4628574756534356
-1.437684847188171,0.2360046987500207,-0.40561870749175166
-1.437684847188171,-0.9168293135772694,-0.4782252425539883
-1.437684847188171,0.8124217049136657,-0.4041942442496327
-1.4282375935103724,-0.3404123074136243,1.5587298001522385
-1.4282375935103724,-0.3404123074136243,1.5587298001522385
-1.4282375935103724,-1.4932463197409143,-0.4129464751314982
-1.4282375935103724,-0.9168293135772694,-0.46640493699678964
-1.4282375935103724,0.2360046987500207,-0.4027834777694571
-1.4282375935103724,-0.3404123074136243,1.5587298001522385
-1.4187903398325736,0.2360046987500207,-0.3630491713715042
-1.4187903398325736,-0.9168293135772694,-0.46206306346071546
-1.4187903398325736,0.2360046987500207,-0.40926204616870976
-1.4187903398325736,-0.3404123074136243,1.5587298001522385
-1.4093430861547749,0.2360046987500207,-0.36448733137556666
-1.4093430861547749,-0.9168293135772694,-0.4676924326194741
-1.4093430861547749,-0.3404123074136243,1.5587298001522385
-1.3998958324769761,0.2360046987500207,-0.44710619941846635
-1.3998958324769761,0.2360046987500207,-0.40627615206503737
-1.3904485787991776,-1.4932463197409143,-0.4460789422727075
-1.37155407144358,0.8124217049136657,-0.36641857480959333
-1.37155407144358,-0.9168293135772694,-0.46888405090855434
-1.37155407144358,0.2360046987500207,-0.406659661399454
-1.37155407144358,1.3888387110773108,-0.47084268786646793
-1.3621068177657814,-0.9168293135772694,-0.4589128082137216
-1.3526595640879826,0.8124217049136657,-0.4326835090920119
-1.3526595640879826,-1.4932463197409143,-0.37519819921534575
-1.343212310410184,1.3888387110773108,-0.4633916493692303
-1.343212310410184,0.2360046987500207,-0.3693085915796616
-1.3337650567323853,1.3888387110773108,-0.29033306221372
-1.3337650567323853,1.3888387110773108,-0.29033306221372
-1.3337650567323853,-1.4932463197409143,-0.3899496118284431
-1.3337650567323853,1.3888387110773108,-0.29033306221372
-1.3337650567323853,1.3888387110773108,-0.29033306221372
-1.3337650567323853,0.2360046987500207,-0.4174253162870069
-1.3337650567323853,-0.3404123074136243,1.5587298001522385
-1.3243178030545866,-1.4932463197409143,-0.40587894596867724
-1.3148705493767878,0.2360046987500207,-0.37774579693682775
-1.3148705493767878,1.3888387110773108,-0.43150558756487506
-1.305423295698989,0.8124217049136657,-0.39112753335557987
-1.305423295698989,0.8124217049136657,-0.4206577521056614
-1.2959760420211905,0.2360046987500207,-0.4394771030159638
-1.2959760420211905,-0.3404123074136243,1.5587298001522385
-1.2959760420211905,-0.3404123074136243,1.5587298001522385
-1.2865287883433918,-0.3404123074136243,1.5587298001522385
-1.2865287883433918,-0.9168293135772694,-0.4745408135911998
-1.2865287883433918,-0.9168293135772694,-0.4720343061555482
-1.2865287883433918,0.2360046987500207,-0.4479006116111866
-1.277081534665593,0.8124217049136657,-0.40741298330634385
-1.2676342809877943,-0.3404123074136243,1.5587298001522385
-1.2676342809877943,0.2360046987500207,-0.38225203161622334
-1.2581870273099958,-1.4932463197409143,-0.4109741414116412
-1.2581870273099958,0.8124217049136657,-0.41743901304895037
-1.2581870273099958,-0.3404123074136243,1.5587298001522385
-1.248739773632197,-1.4932463197409143,-0.3619671271779716
-1.248739773632197,0.2360046987500207,-0.42883471898590203
-1.248739773632197,-1.4932463197409143,-0.3949078396519725
-1.248739773632197,-1.4932463197409143,-0.37466402549955113
-1.248739773632197,-0.9168293135772694,-0.47134946805837563
-1.248739773632197,0.8124217049136657,-0.4428875967398833
-1.2392925199543983,-1.4932463197409143,-0.3625971782273703
-1.2203980125988008,-0.9168293135772694,-0.4674732844283788
-1.2203980125988008,-1.4932463197409143,-0.4607344775522007
-1.2203980125988008,-0.3404123074136243,1.5587298001522385
-1.2203980125988008,-0.3404123074136243,1.5587298001522385
-1.2015035052432035,-0.9168293135772694,-0.4656379183279563
-1.2015035052432035,0.2360046987500207,-0.3852927127676695
-1.1920562515654047,0.2360046987500207,-0.38255336037897925
-1.182608997887606,1.3888387110773108,-0.46676105280731933
-1.182608997887606,-0.9168293135772694,-0.4603098779319537
-1.1731617442098072,1.3888387110773108,-0.4596798268825549
-1.1731617442098072,-1.4932463197409143,-0.47648575378716995
-1.1731617442098072,1.3888387110773108,-0.4025506328164185
-1.1731617442098072,1.3888387110773108,-0.42795812622152113
-1.1637144905320087,-1.4932463197409143,-0.38167676761459834
-1.1637144905320087,-0.3404123074136243,1.5587298001522385
-1.15426723685421,0.8124217049136657,-0.3684456955772242
-1.15426723685421,-0.9168293135772694,-0.47177406767862257
-1.15426723685421,-1.4932463197409143,-0.4745545103531433
-1.1448199831764112,0.2360046987500207,-0.3701030037723818
-1.1448199831764112,0.8124217049136657,-0.39697605070543374
-1.1448199831764112,0.8124217049136657,-0.37234927273110785
-1.1448199831764112,0.8124217049136657,-0.43373815976165764
-1.1448199831764112,-0.3404123074136243,1.5587298001522385
-1.1448199831764112,-1.4932463197409143,-0.3872924400114135
-1.1353727294986125,1.3888387110773108,-0.46958258576767037
-1.1353727294986125,0.8124217049136657,-0.36980167500962585
-1.125925475820814,-0.9168293135772694,-0.4528040523869422
-1.125925475820814,0.2360046987500207,-0.4622822116518107
-1.1164782221430152,0.2360046987500207,-0.3817726449482025
-1.1164782221430152,-1.4932463197409143,-0.46328207527368265
-1.1164782221430152,-0.9168293135772694,-0.4656242215660129
-1.1070309684652164,-0.3404123074136243,1.5587298001522385
-1.1070309684652164,0.2360046987500207,-0.44366831217066005
-1.0975837147874177,-0.3404123074136243,1.5587298001522385
-1.0975837147874177,0.8124217049136657,-0.36256978470348344
-1.0975837147874177,-0.9168293135772694,-0.47803348788678
-1.0975837147874177,1.3888387110773108,-0.3830190502850566
-1.0975837147874177,1.3888387110773108,-0.4663638467109592
-1.0975837147874177,-0.9168293135772694,-0.4541737285812874
-1.088136461109619,-1.4932463197409143,-0.40086593109737395
-1.088136461109619,1.3888387110773108,-0.40029066709574906
-1.088136461109619,0.8124217049136657,-0.3773485908404677
-1.0786892074318204,-0.9168293135772694,-0.46680214309314966
-1.0692419537540216,-1.4932463197409143,-0.40587894596867724
-1.0692419537540216,1.3888387110773108,-0.3651173824249654
-1.0692419537540216,0.2360046987500207,-0.3950311105094636
-1.059794700076223,1.3888387110773108,-0.3799235820858366
-1.059794700076223,1.3888387110773108,-0.4738970657798576
-1.0503474463984241,-0.3404123074136243,1.5587298001522385
-1.0503474463984241,1.3888387110773108,-0.3702125778679294
-1.0409001927206256,1.3888387110773108,-0.44618851636825513
-1.0409001927206256,1.3888387110773108,-0.47832111988759246
-1.0409001927206256,0.2360046987500207,-0.44157270759331196
-1.0409001927206256,-1.4932463197409143,-0.41519274409022433
-1.0314529390428269,-0.9168293135772694,-0.46591185356682535
-1.0314529390428269,0.8124217049136657,-0.40885114331040623
-1.0314529390428269,-0.9168293135772694,-0.4761022444527533
-1.0314529390428269,0.8124217049136657,-0.41952092086435494
-1.0220056853650281,-0.9168293135772694,-0.4641449712761201
-1.0220056853650281,1.3888387110773108,-0.3706371774881764
-1.0220056853650281,0.2360046987500207,-0.3592003812653944
-1.0220056853650281,-0.9168293135772694,-0.4618439152696202
-1.0125584316872294,0.8124217049136657,-0.4029478389127786
-1.0125584316872294,-0.9168293135772694,-0.4673911038567181
-1.0125584316872294,1.3888387110773108,-0.36999342967683424
-1.0125584316872294,-0.3404123074136243,1.5587298001522385
-1.0125584316872294,-1.4932463197409143,-0.3600495805058884
-1.0031111780094306,-0.3404123074136243,1.5587298001522385
-1.0031111780094306,0.8124217049136657,-0.4648161126113492
-0.993663924331632,1.3888387110773108,-0.4574746482096592
-0.993663924331632,0.8124217049136657,-0.4720616996794351
-0.993663924331632,-1.4932463197409143,-0.4803071503693929
-0.9842166706538333,0.2360046987500207,-0.4477362504678652
-0.9842166706538333,0.8124217049136657,-0.4789648676989347
-0.9842166706538333,-1.4932463197409143,-0.4371897437714074
-0.9747694169760346,-1.4932463197409143,-0.4547215990590254
-0.9747694169760346,-0.3404123074136243,1.5587298001522385
-0.9653221632982358,0.2360046987500207,-0.4590360790712127
-0.9653221632982358,-0.3404123074136243,1.5587298001522385
-0.9653221632982358,-0.3404123074136243,1.5587298001522385
-0.9653221632982358,-0.3404123074136243,1.5587298001522385
-0.9653221632982358,-1.4932463197409143,-0.36624051690432846
-0.9558749096204372,-1.4932463197409143,-0.409056594739558
-0.9558749096204372,-1.4932463197409143,-0.4486402367561329
-0.9558749096204372,0.8124217049136657,-0.36252869441765306
-0.9558749096204372,-1.4932463197409143,-0.4610631998388435
-0.9558749096204372,0.8124217049136657,-0.4143846351355606
-0.9558749096204372,0.2360046987500207,2.476296805293625
-0.9464276559426384,-0.9168293135772694,-0.4666103884259414
-0.9369804022648398,-0.9168293135772694,-0.4741436074948397
-0.9369804022648398,-0.3404123074136243,1.5587298001522385
-0.9275331485870411,-1.4932463197409143,-0.41172746331853105
-0.9275331485870411,-0.9168293135772694,-0.4700208821498608
-0.9275331485870411,-0.3404123074136243,1.5587298001522385
-0.9275331485870411,0.8124217049136657,-0.4007289634779394
-0.9275331485870411,-1.4932463197409143,-0.4269308690757623
-0.9180858949092424,-0.3404123074136243,1.5587298001522385
-0.9180858949092424,1.3888387110773108,-0.43991539939815427
-0.9086386412314437,0.8124217049136657,-0.4351352294798897
-0.9086386412314437,1.3888387110773108,-0.36051527041196574
-0.8991913875536449,0.2360046987500207,-0.4525575106719601
-0.8991913875536449,0.2360046987500207,-0.36615833633266776
-0.8897441338758463,0.2360046987500207,-0.41843887667082236
-0.8897441338758463,-0.3404123074136243,1.5587298001522385
-0.8897441338758463,1.3888387110773108,-0.36837721176750693
-0.8802968801980475,-1.4932463197409143,-0.40429012158323685
-0.8802968801980475,-0.9168293135772694,-0.46691171718869734
-0.8708496265202489,1.3888387110773108,-0.44172337197468997
-0.8614023728424501,-1.4932463197409143,-0.3617890692727067
-0.8614023728424501,0.8124217049136657,-0.47636248292967887
-0.8614023728424501,0.2360046987500207,-0.37100699006064963
-0.8614023728424501,0.2360046987500207,-0.37440378702262556
-0.8614023728424501,-0.3404123074136243,1.5587298001522385
-0.8614023728424501,1.3888387110773108,-0.4608440516477483
-0.8519551191646515,1.3888387110773108,-0.29033306221372
-0.8519551191646515,1.3888387110773108,-0.29033306221372
-0.8519551191646515,1.3888387110773108,-0.4268075982182712
-0.8519551191646515,-0.3404123074136243,1.5587298001522385
-0.8425078654868527,-0.9168293135772694,-0.4617206444121292
-0.8330606118090541,-0.3404123074136243,1.5587298001522385
-0.8330606118090541,1.3888387110773108,-0.29033306221372
-0.8330606118090541,-0.3404123074136243,1.5587298001522385
-0.8330606118090541,-0.3404123074136243,1.5587298001522385
-0.8330606118090541,1.3888387110773108,-0.29033306221372
-0.8236133581312554,-1.4932463197409143,-0.4366144797697825
-0.8236133581312554,-0.3404123074136243,1.5587298001522385
-0.8236133581312554,-0.3404123074136243,1.5587298001522385
-0.8236133581312554,0.8124217049136657,-0.41658981380845633
-0.8141661044534566,-0.3404123074136243,1.5587298001522385
-0.8141661044534566,-0.9168293135772694,-0.4698565210065394
-0.8141661044534566,-0.9168293135772694,-0.46977434043487865
-0.8141661044534566,-0.3404123074136243,1.5587298001522385
-0.804718850775658,-1.4932463197409143,-0.44129877235444287
-0.804718850775658,0.2360046987500207,-0.4390388066337734
-0.804718850775658,0.2360046987500207,-0.42980718908388704
-0.804718850775658,0.8124217049136657,-0.38488180990936605
-0.7952715970978592,-0.3404123074136243,1.5587298001522385
-0.7952715970978592,-0.3404123074136243,1.5587298001522385
-0.7858243434200606,1.3888387110773108,-0.4502975449512906
-0.7763770897422618,-0.9168293135772694,-0.48074544675158337
-0.7763770897422618,0.2360046987500207,-0.35967976793341516
-0.7763770897422618,0.8124217049136657,-0.40171513033786793
-0.7763770897422618,0.8124217049136657,-0.3896345863037437
-0.7669298360644632,0.8124217049136657,-0.40413945720185884
-0.7669298360644632,1.3888387110773108,-0.4294373765114139
-0.7669298360644632,-0.3404123074136243,1.5587298001522385
-0.7669298360644632,0.2360046987500207,-0.40987840045616514
-0.7669298360644632,-1.4932463197409143,-0.40513932082373083
-0.7574825823866644,-0.9168293135772694,-0.46199457965099816
-0.7574825823866644,0.8124217049136657,-0.39549680041554097
-0.7480353287088657,1.3888387110773108,-0.45470790229708197
-0.7480353287088657,0.2360046987500207,-0.3701303972962687
-0.738588075031067,0.8124217049136657,-0.47156861624947083
-0.738588075031067,0.2360046987500207,6.255445732531015
-0.738588075031067,-0.3404123074136243,1.5587298001522385
-0.738588075031067,0.8124217049136657,-0.392223274311056
-0.7291408213532683,1.3888387110773108,-0.4367651441511605
-0.7196935676754697,-1.4932463197409143,-0.37597891464612254
-0.7196935676754697,1.3888387110773108,-0.29033306221372
-0.7196935676754697,0.2360046987500207,4.856648526650558
-0.7196935676754697,-0.9168293135772694,-0.4664734208065069
-0.7196935676754697,1.3888387110773108,-0.29033306221372
-0.7196935676754697,-0.9168293135772694,-0.47803348788678
-0.7196935676754697,0.8124217049136657,-0.44733904437150507
-0.7102463139976709,1.3888387110773108,-0.42938258946364005
-0.7102463139976709,0.8124217049136657,-0.46445999680081945
-0.7007990603198723,0.8124217049136657,-0.3814302258996162
-0.7007990603198723,-0.3404123074136243,1.5587298001522385
-0.6913518066420735,-0.3404123074136243,1.5587298001522385
-0.6913518066420735,0.2360046987500207,-0.38125216799435135
-0.6819045529642748,-1.4932463197409143,-0.38222463809233637
-0.6819045529642748,1.3888387110773108,-0.4132478038942542
-0.6819045529642748,-0.9168293135772694,-0.4575705255432634
-0.6724572992864761,-1.4932463197409143,-0.41704180695259024
-0.6724572992864761,0.8124217049136657,-0.4138093711339356
-0.6630100456086774,-0.9168293135772694,-0.46787049052473895
-0.6630100456086774,-0.3404123074136243,1.5587298001522385
-0.6630100456086774,-0.3404123074136243,1.5587298001522385
-0.6630100456086774,1.3888387110773108,-0.29033306221372
-0.6630100456086774,1.3888387110773108,-0.29033306221372
-0.6535627919308787,-0.3404123074136243,1.5587298001522385
-0.6535627919308787,-1.4932463197409143,-0.42816357765067287
-0.6346682845752813,1.3888387110773108,-0.3862925763895415
-0.6346682845752813,-1.4932463197409143,-0.38548446743487785
-0.6252210308974826,0.2360046987500207,-0.397743069374267
-0.6252210308974826,-1.4932463197409143,-0.41180964389019176
-0.6252210308974826,-0.3404123074136243,1.5587298001522385
-0.6252210308974826,-0.3404123074136243,1.5587298001522385
-0.6252210308974826,0.8124217049136657,-0.36787043157559923
-0.6157737772196838,1.3888387110773108,-0.37947158894170263
-0.6063265235418852,1.3888387110773108,-0.45399567067602253
-0.6063265235418852,-0.3404123074136243,1.5587298001522385
-0.6063265235418852,-0.9168293135772694,-0.4787594162697829
-0.6063265235418852,0.2360046987500207,-0.4681307290016645
-0.5968792698640865,-1.4932463197409143,-0.4706098429134292
-0.5968792698640865,-1.4932463197409143,-0.3661857298565546
-0.5874320161862878,0.2360046987500207,-0.4249311418320183
-0.5874320161862878,-1.4932463197409143,-0.47570503835639316
-0.5779847625084891,0.8124217049136657,-0.3865391181045237
-0.5779847625084891,-0.3404123074136243,1.5587298001522385
-0.5685375088306904,-0.3404123074136243,1.5587298001522385
-0.5685375088306904,0.2360046987500207,-0.4642271518477808
-0.5685375088306904,-0.9168293135772694,-0.47303416977742013
-0.5590902551528917,1.3888387110773108,-0.389004535254345
-0.5590902551528917,-1.4932463197409143,-0.39631860613214803
-0.5590902551528917,-0.9168293135772694,-0.4646380547060843
-0.5496430014750929,1.3888387110773108,-0.4544476638201564
-0.5496430014750929,1.3888387110773108,-0.4200277010562627
-0.5401957477972943,-0.9168293135772694,-0.46941822462434896
-0.5401957477972943,-1.4932463197409143,-0.4181923349558402
-0.5307484941194955,1.3888387110773108,-0.44366831217066005
-0.5213012404416969,-0.3404123074136243,1.5587298001522385
-0.5213012404416969,1.3888387110773108,-0.29033306221372
-0.5213012404416969,1.3888387110773108,-0.29033306221372
-0.5213012404416969,0.2360046987500207,-0.4227807502068964
-0.5213012404416969,-1.4932463197409143,-0.4385320264418657
-0.5213012404416969,-0.9168293135772694,-0.4628848691773226
-0.5118539867638981,-0.9168293135772694,-0.46625427261541164
-0.5118539867638981,-1.4932463197409143,-0.4764994505491134
-0.5024067330860995,-0.3404123074136243,1.5587298001522385
-0.49295947940830076,-0.3404123074136243,1.5587298001522385
-0.49295947940830076,0.2360046987500207,-0.4629533529870399
-0.48351222573050207,1.3888387110773108,-0.4329026572831071
-0.48351222573050207,-1.4932463197409143,-0.461200167458278
-0.47406497205270337,-1.4932463197409143,-0.36047418012613536
-0.47406497205270337,0.2360046987500207,-0.4097414328367306
-0.47406497205270337,-0.3404123074136243,1.5587298001522385
-0.47406497205270337,-0.9168293135772694,-0.4688155670988371
-0.4646177183749047,-0.9168293135772694,-0.4617891282218464
-0.4646177183749047,-1.4932463197409143,-0.4663775434729027
-0.4646177183749047,0.8124217049136657,-0.4602550908841799
-0.4646177183749047,1.3888387110773108,-0.4201235783898668
-0.455170464697106,-0.3404123074136243,1.5587298001522385
-0.455170464697106,-1.4932463197409143,-0.38837448420494614
-0.44572321101930723,-0.9168293135772694,-0.47418469778067013
-0.44572321101930723,-1.4932463197409143,-0.3727327820655245
-0.43627595734150854,0.2360046987500207,2.288565954527435
-0.43627595734150854,0.8124217049136657,-0.4214247707744947
-0.43627595734150854,0.2360046987500207,-0.36344637746786435
-0.43627595734150854,-0.3404123074136243,1.5587298001522385
-0.43627595734150854,-1.4932463197409143,-0.38411479124053266
-0.42682870366370984,1.3888387110773108,-0.47785542998151515
-0.42682870366370984,1.3888387110773108,-0.3645010281375102
-0.41738144998591115,1.3888387110773108,-0.3991812293783294
-0.41738144998591115,-0.3404123074136243,1.5587298001522385
-0.41738144998591115,0.2360046987500207,3.7344422143159903
-0.40793419630811245,1.3888387110773108,-0.3666925100484624
-0.40793419630811245,0.8124217049136657,-0.43777870453497586
-0.39848694263031376,-0.3404123074136243,1.5587298001522385
-0.38903968895251506,-0.9168293135772694,-0.46826769662109907
-0.38903968895251506,0.2360046987500207,-0.39116862364141025
-0.38903968895251506,1.3888387110773108,-0.45440657353432606
-0.37959243527471637,0.2360046987500207,-0.40379703815327256
-0.37959243527471637,0.2360046987500207,-0.4314918908029316
-0.37959243527471637,0.8124217049136657,-0.4682813933830425
-0.37959243527471637,-0.9168293135772694,-0.47362313054098854
-0.3701451815969176,1.3888387110773108,-0.46361079756032547
-0.3701451815969176,0.2360046987500207,-0.4661994855676378
-0.3701451815969176,-0.3404123074136243,1.5587298001522385
-0.3606979279191189,0.8124217049136657,-0.37717053293520286
-0.3606979279191189,-0.3404123074136243,1.5587298001522385
-0.3512506742413202,-0.3404123074136243,1.5587298001522385
-0.3512506742413202,-1.4932463197409143,-0.44155901083136856
-0.34180342056352153,-0.3404123074136243,1.5587298001522385
-0.34180342056352153,0.8124217049136657,-0.41345325532340593
-0.33235616688572284,-0.3404123074136243,1.5587298001522385
-0.33235616688572284,-0.3404123074136243,1.5587298001522385
-0.32290891320792414,1.3888387110773108,-0.29033306221372
-0.32290891320792414,1.3888387110773108,-0.29033306221372
-0.32290891320792414,0.2360046987500207,6.208368976663619
-0.31346165953012545,1.3888387110773108,-0.44499689807917486
-0.31346165953012545,-1.4932463197409143,-0.4035094061524601
-0.3040144058523267,1.3888387110773108,-0.29033306221372
-0.3040144058523267,1.3888387110773108,-0.29033306221372
-0.3040144058523267,1.3888387110773108,-0.3681032765286379
-0.294567152174528,0.2360046987500207,-0.4637614619417035
-0.294567152174528,0.2360046987500207,-0.4238764911623726
-0.294567152174528,1.3888387110773108,-0.4303687563235686
-0.2851198984967293,-0.3404123074136243,1.5587298001522385
-0.2851198984967293,0.8124217049136657,-0.46021400059834955
-0.2756726448189306,-0.3404123074136243,1.5587298001522385
-0.2756726448189306,-0.9168293135772694,-0.4671856524275663
-0.2756726448189306,0.8124217049136657,-0.39019615354342524
-0.2662253911411319,-1.4932463197409143,-0.4193976500068639
-0.2662253911411319,0.8124217049136657,-0.4596661301206114
-0.2662253911411319,1.3888387110773108,-0.4008933246212608
-0.2567781374633332,-0.9168293135772694,-0.4805673888463185
-0.2567781374633332,0.8124217049136657,-0.47219866729886967
-0.2473308837855345,1.3888387110773108,-0.4341764561438481
-0.2378836301077358,-0.9168293135772694,-0.4675143747142092
-0.2378836301077358,-1.4932463197409143,-0.43692950529448193
-0.2378836301077358,0.2360046987500207,-0.45154395028814465
-0.2284363764299371,-0.9168293135772694,-0.4684457545263639
-0.2284363764299371,-0.3404123074136243,1.5587298001522385
-0.2284363764299371,-0.3404123074136243,1.5587298001522385
-0.2284363764299371,0.2360046987500207,-0.3845119973368928
-0.2189891227521384,1.3888387110773108,-0.4265062694555153
-0.2189891227521384,0.8124217049136657,-0.40029066709574906
-0.2095418690743397,0.8124217049136657,-0.4151790473282808
-0.2095418690743397,-0.3404123074136243,1.5587298001522385
-0.2095418690743397,1.3888387110773108,-0.29033306221372
-0.2095418690743397,1.3888387110773108,-0.29033306221372
-0.2095418690743397,-0.3404123074136243,1.5587298001522385
-0.200094615396541,0.8124217049136657,-0.46395321660891176
-0.200094615396541,1.3888387110773108,-0.3739517938784917
-0.200094615396541,0.2360046987500207,5.640123075165822
-0.200094615396541,1.3888387110773108,-0.36951404300881335
-0.200094615396541,1.3888387110773108,-0.3717877054914263
-0.200094615396541,-1.4932463197409143,-0.4164254526651349
-0.200094615396541,-0.3404123074136243,1.5587298001522385
-0.1906473617187423,-1.4932463197409143,-0.3714863767286704
-0.18120010804094358,0.2360046987500207,-0.4674458909044919
-0.18120010804094358,1.3888387110773108,-0.4061665779694897
-0.17175285436314489,0.8124217049136657,-0.3693085915796616
-0.17175285436314489,1.3888387110773108,-0.396195335274657
-0.17175285436314489,0.8124217049136657,-0.47574612864222354
-0.17175285436314489,-0.3404123074136243,1.5587298001522385
-0.17175285436314489,0.2360046987500207,-0.4259173086919468
-0.1623056006853462,1.3888387110773108,-0.29033306221372
-0.1623056006853462,1.3888387110773108,-0.29033306221372
-0.1528583470075475,-1.4932463197409143,-0.4154392858052064
-0.1528583470075475,0.8124217049136657,-0.36437775728001903
-0.1528583470075475,1.3888387110773108,-0.4024684522447578
-0.1528583470075475,0.8124217049136657,-0.4618439152696202
-0.13396383965195008,1.3888387110773108,-0.42765679745876517
-0.13396383965195008,-1.4932463197409143,-0.442271242452428
-0.13396383965195008,-1.4932463197409143,-0.45135219562093637
-0.13396383965195008,0.8124217049136657,-0.44696923179903186
-0.13396383965195008,-1.4932463197409143,-0.4590908661189865
-0.12451658597415137,0.8124217049136657,-0.41600085304488793
-0.12451658597415137,1.3888387110773108,-0.46035096821778404
-0.12451658597415137,1.3888387110773108,-0.39416821450702616
-0.11506933229635267,-0.3404123074136243,1.5587298001522385
-0.11506933229635267,1.3888387110773108,-0.412453391701534
-0.11506933229635267,-1.4932463197409143,-0.47955382846250305
-0.11506933229635267,-0.9168293135772694,-0.46444630003887605
-0.10562207861855397,-0.9168293135772694,-0.4634190428931172
-0.10562207861855397,-1.4932463197409143,-0.38189591580569354
-0.09617482494075527,0.8124217049136657,-0.4187265086716348
-0.09617482494075527,1.3888387110773108,-0.3633505001342602
-0.09617482494075527,0.8124217049136657,-0.48145767837264286
-0.08672757126295656,0.8124217049136657,-0.4473253476095616
-0.07728031758515787,0.2360046987500207,-0.3685689664347152
-0.06783306390735916,0.8124217049136657,-0.45929631754813827
-0.06783306390735916,-0.3404123074136243,1.5587298001522385
-0.06783306390735916,0.2360046987500207,-0.4676513423336437
-0.06783306390735916,0.8124217049136657,-0.4648572028971796
-0.05838581022956046,-0.9168293135772694,-0.47563655454667597
-0.05838581022956046,0.8124217049136657,-0.39856487509087407
-0.048938556551761755,-0.3404123074136243,1.5587298001522385
-0.048938556551761755,-0.3404123074136243,1.5587298001522385
-0.048938556551761755,0.2360046987500207,-0.4590908661189865
-0.048938556551761755,0.8124217049136657,-0.4164939364748522
-0.048938556551761755,0.2360046987500207,6.171882369796442
-0.048938556551761755,0.2360046987500207,-0.3882101230616247
-0.048938556551761755,-0.3404123074136243,1.5587298001522385
-0.048938556551761755,-1.4932463197409143,-0.4198085528651675
-0.039491302873963054,-0.3404123074136243,1.5587298001522385
-0.039491302873963054,0.8124217049136657,-0.3826218441886965
-0.030044049196164352,-0.9168293135772694,-0.46166585736435534
-0.030044049196164352,0.2360046987500207,-0.4673500135708878
-0.030044049196164352,0.2360046987500207,-0.36752801252701295
-0.030044049196164352,0.2360046987500207,-0.45069475104765067
-0.030044049196164352,0.8124217049136657,-0.41813754790806634
-0.02059679551836565,-1.4932463197409143,-0.4534614969602279
-0.02059679551836565,1.3888387110773108,-0.42006879134209296
-0.02059679551836565,0.2360046987500207,-0.4400386702556454
-0.02059679551836565,0.8124217049136657,-0.38421066857413694
-0.011149541840566947,0.2360046987500207,-0.41901414067244724
-0.011149541840566947,1.3888387110773108,-0.43476541690741655
-0.011149541840566947,-0.9168293135772694,-0.45825536364043595
-0.011149541840566947,-0.3404123074136243,1.5587298001522385
-0.0017022881627682443,1.3888387110773108,-0.4789511709369912
-0.0017022881627682443,1.3888387110773108,-0.29033306221372
-0.0017022881627682443,1.3888387110773108,-0.4082895760707247
-0.0017022881627682443,1.3888387110773108,-0.29033306221372
0.007744965515030458,-0.9168293135772694,-0.4679800646202865
0.007744965515030458,0.2360046987500207,-0.40070156995405254
0.007744965515030458,-1.4932463197409143,-0.389552405732083
0.007744965515030458,0.8124217049136657,-0.4649256867068968
0.007744965515030458,-1.4932463197409143,-0.4770610177887949
0.01719221919282916,-0.9168293135772694,-0.4726506604430035
0.01719221919282916,0.2360046987500207,-0.36503520185330474
0.01719221919282916,0.8124217049136657,-0.4040024895824244
0.04553398022622527,0.2360046987500207,-0.4041531539638023
0.04553398022622527,-1.4932463197409143,-0.45628302992057895
0.06442848758182267,-0.3404123074136243,1.5587298001522385
0.06442848758182267,1.3888387110773108,-0.4541737285812874
0.06442848758182267,1.3888387110773108,-0.3716918281578222
0.06442848758182267,-0.3404123074136243,1.5587298001522385
0.06442848758182267,0.2360046987500207,-0.42026054600930135
0.07387574125962137,-1.4932463197409143,-0.3961679417507701
0.07387574125962137,-0.9168293135772694,-0.45804991221128416
0.07387574125962137,0.8124217049136657,-0.40363267700995115
0.07387574125962137,1.3888387110773108,-0.4052488949192785
0.08332299493742008,1.3888387110773108,-0.4663090596631855
0.08332299493742008,0.8124217049136657,-0.41508316999467665
0.08332299493742008,-1.4932463197409143,-0.4607207807902572
0.08332299493742008,0.8124217049136657,-0.48095089818073516
0.09277024861521878,0.2360046987500207,-0.38985373449483895
0.09277024861521878,-0.3404123074136243,1.5587298001522385
0.10221750229301749,0.2360046987500207,-0.37569128264531
0.10221750229301749,-1.4932463197409143,-0.4344914816685475
0.11166475597081618,-1.4932463197409143,-0.3662816071901588
0.11166475597081618,0.2360046987500207,-0.4607207807902572
0.11166475597081618,-1.4932463197409143,-0.39007288268593415
0.11166475597081618,0.8124217049136657,-0.4107960835063763
0.12111200964861489,-1.4932463197409143,-0.3796907371327979
0.12111200964861489,-0.9168293135772694,-0.4797729766535983
0.12111200964861489,-0.3404123074136243,1.5587298001522385
0.12111200964861489,-0.3404123074136243,1.5587298001522385
0.12111200964861489,-0.3404123074136243,1.5587298001522385
0.12111200964861489,1.3888387110773108,-0.3634189839439775
0.1305592633264136,0.2360046987500207,-0.43794306567829727
0.1305592633264136,-0.9168293135772694,-0.47318483415879814
0.1305592633264136,1.3888387110773108,-0.47399294311346174
0.1305592633264136,0.2360046987500207,5.567124027692939
0.1400065170042123,0.2360046987500207,-0.47115771339116724
0.1400065170042123,0.8124217049136657,-0.37230818244527747
0.1400065170042123,-0.3404123074136243,1.5587298001522385
0.1400065170042123,0.8124217049136657,-0.4358748546248361
0.149453770682011,0.2360046987500207,-0.4292045315583752
0.149453770682011,1.3888387110773108,-0.4655146474704652
0.149453770682011,1.3888387110773108,-0.4056461010156385
0.149453770682011,-0.3404123074136243,1.5587298001522385
0.15890102435980968,1.3888387110773108,-0.36252869441765306
0.15890102435980968,1.3888387110773108,-0.3980717916609099
0.15890102435980968,-0.9168293135772694,-0.4772253789321163
0.15890102435980968,-0.3404123074136243,1.5587298001522385
0.15890102435980968,-0.3404123074136243,1.5587298001522385
0.1683482780376084,0.2360046987500207,-0.3870458982964314
0.1777955317154071,0.8124217049136657,-0.44795539865896034
0.1872427853932058,0.2360046987500207,-0.45124262152538874
0.1872427853932058,-1.4932463197409143,-0.4729930794915898
0.1872427853932058,-0.9168293135772694,-0.46525440899353965
0.1872427853932058,-0.3404123074136243,1.5587298001522385
0.19669003907100452,0.2360046987500207,-0.4376828272013717
0.2061372927488032,0.2360046987500207,4.801653772103871
0.2061372927488032,-0.3404123074136243,1.5587298001522385
0.2155845464266019,0.8124217049136657,-0.39400385336370475
0.2250318001044006,-0.9168293135772694,-0.47330810501628917
0.23447905378219933,-0.9168293135772694,-0.4631314108923047
0.23447905378219933,-0.9168293135772694,-0.4577074931626979
0.23447905378219933,-1.4932463197409143,-0.4693771343385186
0.23447905378219933,1.3888387110773108,-0.38907301906406216
0.24392630745999802,0.8124217049136657,-0.3813480453279555
0.24392630745999802,-0.9168293135772694,-0.46402170041862906
0.24392630745999802,-1.4932463197409143,-0.43169734223208334
0.24392630745999802,0.2360046987500207,-0.4796086155102769
0.24392630745999802,0.8124217049136657,-0.377937551604036
0.24392630745999802,0.2360046987500207,-0.46730892328505735
0.24392630745999802,0.2360046987500207,-0.440422179590062
0.24392630745999802,0.2360046987500207,-0.435628312909854
0.24392630745999802,1.3888387110773108,-0.4332039860458631
0.25337356113779674,0.2360046987500207,-0.4789648676989347
0.25337356113779674,0.2360046987500207,-0.3592277747892813
0.25337356113779674,0.2360046987500207,-0.360583754221683
0.25337356113779674,-0.3404123074136243,1.5587298001522385
0.26282081481559544,0.8124217049136657,-0.4262049406927593
0.27226806849339413,-0.3404123074136243,1.5587298001522385
0.27226806849339413,-0.9168293135772694,-0.4714316486300363
0.27226806849339413,-1.4932463197409143,-0.36329571308648634
0.27226806849339413,0.8124217049136657,-0.45284514267277254
0.27226806849339413,-0.3404123074136243,1.5587298001522385
0.27226806849339413,-1.4932463197409143,-0.3653228338541172
0.28171532217119283,0.2360046987500207,-0.47050026881788165
0.28171532217119283,-0.3404123074136243,1.5587298001522385
0.28171532217119283,0.8124217049136657,-0.4056461010156385
0.28171532217119283,1.3888387110773108,-0.3847448422899315
0.2911625758489915,-0.9168293135772694,-0.46499417051661407
0.3006098295267902,-0.3404123074136243,1.5587298001522385
0.3006098295267902,1.3888387110773108,-0.4136450099906143
0.3006098295267902,-0.9168293135772694,-0.4733902855879499
0.3006098295267902,-1.4932463197409143,-0.4217534930611376
0.3100570832045889,-1.4932463197409143,-0.3807727813263306
0.3100570832045889,-1.4932463197409143,-0.39629121260826117
0.3100570832045889,-0.3404123074136243,1.5587298001522385
0.3100570832045889,0.2360046987500207,-0.4724999960616255
0.31950433688238766,-1.4932463197409143,-0.4040024895824244
0.32895159056018636,-1.4932463197409143,-0.3649256277577571
0.32895159056018636,1.3888387110773108,-0.37162334434810484
0.33839884423798505,-0.3404123074136243,1.5587298001522385
0.33839884423798505,-0.3404123074136243,1.5587298001522385
0.33839884423798505,-1.4932463197409143,-0.3671034129067659
0.33839884423798505,0.8124217049136657,-0.44744861846705264
0.33839884423798505,1.3888387110773108,-0.37119874472785797
0.34784609791578375,-1.4932463197409143,-0.37548583121615825
0.34784609791578375,0.2360046987500207,-0.41632957533153075
0.34784609791578375,0.2360046987500207,-0.4158364919015665
0.34784609791578375,0.8124217049136657,-0.4593374078339686
0.35729335159358244,0.2360046987500207,-0.41443942218333446
0.36674060527138114,0.2360046987500207,-0.4709522619620155
0.36674060527138114,1.3888387110773108,-0.3969212636576599
0.36674060527138114,-0.3404123074136243,1.5587298001522385
0.37618785894917983,-0.9168293135772694,-0.47025372710289953
0.37618785894917983,-1.4932463197409143,-0.4524890268622428
0.3950823663047773,-1.4932463197409143,-0.44302456435931786
0.3950823663047773,-0.3404123074136243,1.5587298001522385
0.40452961998257597,-1.4932463197409143,-0.4652818025174266
0.40452961998257597,0.2360046987500207,-0.3818822190437501
0.40452961998257597,-0.3404123074136243,1.5587298001522385
0.40452961998257597,1.3888387110773108,-0.48004691189246734
0.40452961998257597,-1.4932463197409143,-0.38648433105674984
0.41397687366037467,-1.4932463197409143,-0.4445312081730975
0.41397687366037467,1.3888387110773108,-0.37693768798216415
0.42342412733817336,-0.3404123074136243,1.5587298001522385
0.42342412733817336,-0.3404123074136243,1.5587298001522385
0.43287138101597206,1.3888387110773108,-0.41679526523760807
0.43287138101597206,-0.9168293135772694,-0.4669254139506408
0.43287138101597206,0.2360046987500207,-0.4355735258620802
0.44231863469377075,0.8124217049136657,-0.4364227251025742
0.44231863469377075,-0.3404123074136243,1.5587298001522385
0.44231863469377075,-0.3404123074136243,1.5587298001522385
0.44231863469377075,-0.9168293135772694,-0.4718288547263964
0.45176588837156945,0.2360046987500207,5.536820531060845
0.45176588837156945,0.8124217049136657,-0.46336425584534335
0.45176588837156945,-0.9168293135772694,-0.4716097065353012
0.45176588837156945,0.8124217049136657,-0.4673226200470008
0.45176588837156945,1.3888387110773108,-0.4684457545263639
0.45176588837156945,1.3888387110773108,-0.43303962490254166
0.4612131420493682,-0.3404123074136243,1.5587298001522385
0.4706603957271669,1.3888387110773108,-0.29033306221372
0.4706603957271669,-0.9168293135772694,-0.47222606082275653
0.4706603957271669,1.3888387110773108,-0.29033306221372
0.4801076494049656,0.8124217049136657,-0.39555158746331476
0.4801076494049656,-1.4932463197409143,-0.3997975836657848
0.4801076494049656,1.3888387110773108,-0.36799370243309026
0.4801076494049656,-1.4932463197409143,-0.41361761646672734
0.4801076494049656,1.3888387110773108,-0.3824300895214882
0.4895549030827643,0.2360046987500207,-0.38406000419275893
0.4895549030827643,0.2360046987500207,-0.47428057511427424
0.499002156760563,-0.9168293135772694,-0.46950040519600966
0.499002156760563,-1.4932463197409143,-0.4572281064946771
0.5084494104383617,1.3888387110773108,-0.37139049939506624
0.5084494104383617,0.2360046987500207,-0.4700482756737477
0.5084494104383617,0.2360046987500207,-0.36347377099175127
0.5084494104383617,0.8124217049136657,-0.44264105502490114
0.5084494104383617,-0.9168293135772694,-0.4582827571643228
0.5084494104383617,-0.9168293135772694,-0.4684868448121942
0.5178966641161604,0.8124217049136657,-0.43062899480049416
0.5178966641161604,0.2360046987500207,-0.4250544126895094
0.5178966641161604,0.8124217049136657,-0.39629121260826117
0.5273439177939591,0.2360046987500207,-0.4160419433307183
0.5273439177939591,0.8124217049136657,-0.4701030627215215
0.5273439177939591,0.8124217049136657,-0.424314787544563
0.5367911714717578,0.2360046987500207,-0.3836764948583423
0.5462384251495565,-0.9168293135772694,-0.46330946879756957
0.5462384251495565,0.2360046987500207,-0.41794579324085807
0.5462384251495565,-0.9168293135772694,-0.4555707982995194
0.5462384251495565,0.2360046987500207,-0.44060023749532684
0.5556856788273552,1.3888387110773108,-0.4427643258823923
0.5556856788273552,0.2360046987500207,-0.46641863375873305
0.5556856788273552,-0.3404123074136243,1.5587298001522385
0.565132932505154,1.3888387110773108,-0.42783485536403004
0.565132932505154,-0.9168293135772694,-0.4739792463515183
0.565132932505154,1.3888387110773108,-0.3863747569612022
0.565132932505154,-1.4932463197409143,-0.4186991151477478
0.5745801861829526,-0.9168293135772694,-0.4772664692179467
0.5840274398607513,-1.4932463197409143,-0.47677338578798245
0.59347469353855,-0.9168293135772694,-0.46699389776035805
0.59347469353855,1.3888387110773108,-0.4189593536246735
0.59347469353855,-1.4932463197409143,-0.40101659547875196
0.6029219472163487,1.3888387110773108,-0.3603919995544747
0.6029219472163487,0.2360046987500207,5.8798655068900265
0.6123692008941474,-0.3404123074136243,1.5587298001522385
0.6123692008941474,-1.4932463197409143,-0.38934695430293126
0.6123692008941474,1.3888387110773108,-0.39923601642610324
0.6218164545719461,1.3888387110773108,-0.363131351943165
0.6218164545719461,1.3888387110773108,-0.4137545840861619
0.6312637082497449,0.8124217049136657,-0.3952913489863892
0.6312637082497449,1.3888387110773108,-0.4130971395128762
0.6312637082497449,0.2360046987500207,-0.36491193099581365
0.6312637082497449,1.3888387110773108,-0.38952501220819613
0.6407109619275435,-0.9168293135772694,-0.46440520975304567
0.6407109619275435,0.2360046987500207,-0.4502564546654602
0.6407109619275435,1.3888387110773108,-0.445941974653273
0.6501582156053423,0.8124217049136657,-0.45146176971648394
0.6501582156053423,1.3888387110773108,-0.45621454611086165
0.6501582156053423,-1.4932463197409143,-0.4568035068744301
0.6501582156053423,-0.9168293135772694,-0.478307423125649
0.6596054692831409,0.8124217049136657,-0.42887580927173236
0.6596054692831409,0.2360046987500207,4.014146825766702
0.6690527229609396,0.2360046987500207,-0.42121931934534296
0.6690527229609396,1.3888387110773108,-0.4774856174090419
0.6784999766387383,-1.4932463197409143,-0.4510508668581804
0.6784999766387383,0.2360046987500207,4.131667938141911
0.687947230316537,0.8124217049136657,-0.43410797233413084
0.687947230316537,-0.9168293135772694,-0.4625835404145666
0.687947230316537,-1.4932463197409143,-0.46191239907933745
0.6973944839943357,0.8124217049136657,-0.4237258267809946
0.6973944839943357,0.8124217049136657,-0.47533522578392
0.7068417376721344,1.3888387110773108,-0.3996606160463502
0.7068417376721344,-1.4932463197409143,-0.3921547905013387
0.7068417376721344,1.3888387110773108,-0.4560227914436533
0.7068417376721344,0.8124217049136657,-0.47273284101466423
0.7068417376721344,-0.9168293135772694,-0.470541359103712
0.7162889913499332,0.8124217049136657,-0.41469966066026004
0.7162889913499332,1.3888387110773108,-0.44196991368967203
0.7257362450277318,-0.3404123074136243,1.5587298001522385
0.7257362450277318,-0.3404123074136243,1.5587298001522385
0.7257362450277318,-1.4932463197409143,-0.40668705492334084
0.7351834987055306,0.8124217049136657,-0.40349570939051665
0.7351834987055306,0.2360046987500207,-0.43887444549045196
0.7446307523833292,-1.4932463197409143,-0.4329574443308809
0.7446307523833292,-0.9168293135772694,-0.47334919530211955
0.754078006061128,-0.3404123074136243,1.5587298001522385
0.754078006061128,1.3888387110773108,-0.29033306221372
0.754078006061128,1.3888387110773108,-0.29033306221372
0.7635252597389266,1.3888387110773108,-0.4191237147679949
0.7635252597389266,0.8124217049136657,-0.4679252775725128
0.7635252597389266,-0.9168293135772694,-0.4715275259636405
0.7635252597389266,0.8124217049136657,-0.3925930868835293
0.7729725134167253,-0.9168293135772694,-0.47360943377904513
0.7729725134167253,0.2360046987500207,-0.42017836543764064
0.7824197670945241,1.3888387110773108,-0.3831971081903215
0.7824197670945241,-1.4932463197409143,-0.3806906007546698
0.7824197670945241,-1.4932463197409143,-0.43299853461671134
0.7918670207723227,-0.9168293135772694,-0.45785815754407583
0.7918670207723227,0.2360046987500207,-0.44333958988401717
0.8013142744501215,0.2360046987500207,-0.47766367531430676
0.8013142744501215,-0.9168293135772694,-0.4603098779319537
0.8107615281279201,0.2360046987500207,-0.3708289321553847
0.8107615281279201,-0.9168293135772694,-0.4569130809699777
0.8107615281279201,1.3888387110773108,-0.29033306221372
0.8107615281279201,1.3888387110773108,-0.29033306221372
0.8107615281279201,-0.3404123074136243,1.5587298001522385
0.8202087818057189,-1.4932463197409143,-0.3600495805058884
0.8296560354835175,0.2360046987500207,-0.38819642629968126
0.8296560354835175,0.8124217049136657,-0.43362858566611007
0.8391032891613163,0.8124217049136657,-0.4176444644781021
0.8391032891613163,-0.9168293135772694,-0.4651448348979921
0.8391032891613163,-0.9168293135772694,-0.47982776370137215
0.848550542839115,0.2360046987500207,-0.3649667180435875
0.8579977965169137,0.8124217049136657,-0.3722396986355602
0.8579977965169137,-0.3404123074136243,1.5587298001522385
0.8674450501947124,0.2360046987500207,-0.46280268860566187
0.8674450501947124,0.8124217049136657,-0.41115219931690605
0.876892303872511,0.2360046987500207,-0.4510508668581804
0.876892303872511,0.8124217049136657,-0.42147955782226854
0.876892303872511,-1.4932463197409143,-0.43095771708713704
0.8863395575503098,0.2360046987500207,-0.3954283166058237
0.8863395575503098,1.3888387110773108,-0.44238081654797556
0.8957868112281084,-0.3404123074136243,1.5587298001522385
0.8957868112281084,-0.3404123074136243,1.5587298001522385
0.8957868112281084,-0.3404123074136243,1.5587298001522385
0.9052340649059072,-0.9168293135772694,-0.46017291031251917
0.9052340649059072,-0.3404123074136243,1.5587298001522385
0.9052340649059072,1.3888387110773108,-0.4535984645796624
0.9052340649059072,0.8124217049136657,-0.43786088510663657
0.9146813185837059,-0.9168293135772694,-0.4662816661392985
0.9146813185837059,1.3888387110773108,-0.4213562869647775
0.9241285722615046,-0.9168293135772694,-0.46684323337898004
0.9241285722615046,-0.3404123074136243,1.5587298001522385
0.9241285722615046,0.2360046987500207,-0.45225618190920414
0.9241285722615046,-0.3404123074136243,1.5587298001522385
0.9241285722615046,-0.3404123074136243,1.5587298001522385
0.9241285722615046,-0.3404123074136243,1.5587298001522385
0.9241285722615046,0.8124217049136657,-0.4805947823702054
0.9335758259393033,-0.9168293135772694,-0.4510097765723501
0.943023079617102,-1.4932463197409143,-0.4260542763113813
0.943023079617102,1.3888387110773108,-0.455831036776445
0.943023079617102,0.8124217049136657,-0.42506810945145285
0.943023079617102,-0.3404123074136243,1.5587298001522385
0.943023079617102,0.2360046987500207,-0.4681033354777776
0.9524703332949007,-0.9168293135772694,-0.4622274246040369
0.9524703332949007,0.2360046987500207,-0.4092483494067663
0.9619175869726994,1.3888387110773108,-0.4027012971977965
0.9619175869726994,0.2360046987500207,4.119691573110813
0.9713648406504981,1.3888387110773108,-0.39620903203660046
0.9713648406504981,-0.3404123074136243,1.5587298001522385
0.9808120943282969,0.2360046987500207,-0.3715000734906138
0.9808120943282969,-1.4932463197409143,-0.4020027623386805
0.9808120943282969,-0.9168293135772694,-0.4664734208065069
0.9808120943282969,0.2360046987500207,-0.4105221482675073
0.9902593480060955,0.8124217049136657,-0.48047151151271433
0.9902593480060955,0.2360046987500207,-0.3918534617385829
0.9997066016838942,-1.4932463197409143,-0.4649804737546706
0.9997066016838942,0.8124217049136657,-0.4724178154899648
0.9997066016838942,1.3888387110773108,-0.29033306221372
0.9997066016838942,0.8124217049136657,-0.4648982931830099
0.9997066016838942,-1.4932463197409143,-0.3782799706526223
0.9997066016838942,1.3888387110773108,-0.29033306221372
1.0186011090394915,-0.9168293135772694,-0.4697880371968221
1.0280483627172903,-0.9168293135772694,-0.4725958733952297
1.0280483627172903,-1.4932463197409143,-0.39146995240416615
1.0280483627172903,0.2360046987500207,-0.4785402680786877
1.037495616395089,1.3888387110773108,-0.4019616720528501
1.037495616395089,-0.3404123074136243,1.5587298001522385
1.037495616395089,1.3888387110773108,-0.37034954548736393
1.037495616395089,0.8124217049136657,-0.39679799280016886
1.037495616395089,-1.4932463197409143,-0.3653091370921738
1.037495616395089,0.8124217049136657,-0.46954149548184
1.037495616395089,-0.9168293135772694,-0.4726780539668904
1.037495616395089,-0.3404123074136243,1.5587298001522385
1.037495616395089,-1.4932463197409143,-0.36869223729220624
1.037495616395089,-0.3404123074136243,1.5587298001522385
1.0469428700728878,-1.4932463197409143,-0.47908813855642574
1.0469428700728878,0.2360046987500207,-0.36252869441765306
1.0469428700728878,0.8124217049136657,-0.36067963155528715
1.0563901237506865,-0.3404123074136243,1.5587298001522385
1.065837377428485,-1.4932463197409143,-0.4073034092107962
1.0752846311062838,-0.9168293135772694,-0.46576118918544734
1.0752846311062838,0.2360046987500207,-0.423890187924316
1.0752846311062838,0.2360046987500207,-0.3830464438089435
1.0752846311062838,0.8124217049136657,-0.38688153715310997
1.0941791384618813,1.3888387110773108,-0.4213562869647775
1.0941791384618813,0.8124217049136657,-0.39130559126084474
1.0941791384618813,-0.3404123074136243,1.5587298001522385
1.0941791384618813,-0.3404123074136243,1.5587298001522385
1.0941791384618813,-0.3404123074136243,1.5587298001522385
1.1036263921396798,1.3888387110773108,-0.29033306221372
1.1036263921396798,1.3888387110773108,-0.29033306221372
1.1036263921396798,1.3888387110773108,-0.47758149474264605
1.1036263921396798,-1.4932463197409143,-0.36229584946461446
1.1130736458174786,1.3888387110773108,-0.29033306221372
1.1130736458174786,1.3888387110773108,-0.29033306221372
1.1130736458174786,1.3888387110773108,-0.4676787358575306
1.1130736458174786,-0.9168293135772694,-0.46676105280731933
1.131968153173076,-0.9168293135772694,-0.4559543076339361
1.131968153173076,0.8124217049136657,-0.37154116377644425
1.131968153173076,0.8124217049136657,-0.4140559128489178
1.1414154068508748,0.2360046987500207,-0.406810325780832
1.1414154068508748,0.8124217049136657,-0.4597483106922722
1.1414154068508748,-1.4932463197409143,-0.4520096401942221
1.1508626605286734,-0.9168293135772694,-0.46502156404050105
1.1603099142064721,-1.4932463197409143,-0.4030848065322131
1.1603099142064721,1.3888387110773108,-0.47381488520819687
1.1697571678842709,-1.4932463197409143,-0.38247117980731854
1.1697571678842709,-0.3404123074136243,1.5587298001522385
1.1697571678842709,-0.9168293135772694,-0.46763764557170023
1.1697571678842709,0.8124217049136657,-0.3674869222411825
1.1792044215620696,-1.4932463197409143,-0.4101386389330906
1.1792044215620696,-1.4932463197409143,-0.3907714175450501
1.1792044215620696,0.8124217049136657,-0.46014551678863225
1.1886516752398684,-1.4932463197409143,-0.4381074268216187
1.1886516752398684,-0.9168293135772694,-0.4656105248040694
1.1886516752398684,0.2360046987500207,-0.37393809711654824
1.1886516752398684,0.8124217049136657,-0.37532147007283684
1.198098928917667,-0.9168293135772694,-0.46861011566968536
1.198098928917667,-1.4932463197409143,-0.4381896073932794
1.198098928917667,0.2360046987500207,-0.4474760119909396
1.2075461825954656,-1.4932463197409143,-0.3721301245400126
1.2075461825954656,-1.4932463197409143,-0.42136998372672096
1.2075461825954656,-0.3404123074136243,1.5587298001522385
1.2169934362732644,0.8124217049136657,-0.3740202776882089
1.2169934362732644,-0.3404123074136243,1.5587298001522385
1.2169934362732644,-0.3404123074136243,1.5587298001522385
1.2169934362732644,-0.9168293135772694,-0.45851560211736153
1.2264406899510631,-1.4932463197409143,-0.48029345360744946
1.2264406899510631,-0.9168293135772694,-0.4627615983198315
1.2358879436288617,-0.9168293135772694,-0.4738833690179141
1.2358879436288617,-0.3404123074136243,1.5587298001522385
1.2453351973066604,0.8124217049136657,-0.41017972921892104
1.2453351973066604,-0.3404123074136243,1.5587298001522385
1.2547824509844592,-0.3404123074136243,1.5587298001522385
1.2547824509844592,-1.4932463197409143,-0.440298908732571
1.2547824509844592,-1.4932463197409143,-0.38085496189799123
1.2547824509844592,0.2360046987500207,-0.3831149276186608
1.264229704662258,-0.3404123074136243,1.5587298001522385
1.264229704662258,-0.9168293135772694,-0.4705139655798251
1.264229704662258,0.2360046987500207,-0.3886621162057587
1.264229704662258,1.3888387110773108,-0.40471472120348384
1.2736769583400567,-0.3404123074136243,1.5587298001522385
1.2736769583400567,-1.4932463197409143,-0.43423124319162193
1.2736769583400567,1.3888387110773108,-0.47289720215798564
1.2736769583400567,0.2360046987500207,-0.4286018740328633
1.2736769583400567,0.2360046987500207,-0.4093716202642574
1.2736769583400567,1.3888387110773108,-0.41739792276311993
1.2831242120178552,1.3888387110773108,-0.4058926427306207
1.2831242120178552,0.2360046987500207,-0.3992908034738771
1.2831242120178552,1.3888387110773108,-0.4201235783898668
1.2831242120178552,1.3888387110773108,-0.43623097043536585
1.292571465695654,0.8124217049136657,-0.41139874103188817
1.3020187193734527,1.3888387110773108,-0.39073032725921986
1.3020187193734527,-1.4932463197409143,-0.44676378036988007
1.3114659730512515,-0.3404123074136243,1.5587298001522385
1.3114659730512515,1.3888387110773108,-0.4089196271201235
1.3114659730512515,1.3888387110773108,-0.46059750993276616
1.32091322672905,-0.9168293135772694,-0.47548589016529796
1.32091322672905,0.2360046987500207,-0.4158775821873969
1.3303604804068487,-1.4932463197409143,-0.3938257954584399
1.3303604804068487,1.3888387110773108,-0.4527903556249988
1.3303604804068487,-0.9168293135772694,-0.47334919530211955
1.3303604804068487,-1.4932463197409143,-0.3703632422493074
1.3303604804068487,-1.4932463197409143,-0.38894974820657113
1.3303604804068487,-0.3404123074136243,1.5587298001522385
1.3303604804068487,-0.3404123074136243,1.5587298001522385
1.3398077340846475,-0.3404123074136243,1.5587298001522385
1.3398077340846475,0.8124217049136657,-0.45889911145177814
1.3492549877624462,0.2360046987500207,-0.45383130953270107
1.3492549877624462,-0.9168293135772694,-0.4648024158494058
1.3492549877624462,0.2360046987500207,-0.41345325532340593
1.358702241440245,-1.4932463197409143,-0.4757187351183367
1.358702241440245,0.2360046987500207,-0.43732671139084195
1.3681494951180435,-1.4932463197409143,-0.4391620774912645
1.3775967487958423,0.2360046987500207,-0.45947437545340314
1.3775967487958423,0.8124217049136657,-0.46878817357495023
1.3775967487958423,1.3888387110773108,-0.4628574756534356
1.3775967487958423,0.2360046987500207,-0.4812248334196042
1.387044002473641,-0.3404123074136243,1.5587298001522385
1.387044002473641,1.3888387110773108,-0.444942111031401
1.387044002473641,-0.3404123074136243,1.5587298001522385
1.387044002473641,-1.4932463197409143,-0.4404632698758924
1.3964912561514398,1.3888387110773108,-0.37393809711654824
1.3964912561514398,-1.4932463197409143,-0.43235478680536904
1.4059385098292385,-0.9168293135772694,-0.4713631648203191
1.4059385098292385,0.8124217049136657,-0.44098374682974356
1.4059385098292385,-1.4932463197409143,-0.43097141384908044
1.415385763507037,0.8124217049136657,-0.40735819625857
1.415385763507037,-0.9168293135772694,-0.4707468105328637
1.415385763507037,-0.9168293135772694,-0.4793483770333513
1.4248330171848358,0.2360046987500207,-0.42079471972509597
1.4248330171848358,1.3888387110773108,-0.4792251061758603
1.4248330171848358,0.2360046987500207,-0.46837727071664664
1.4248330171848358,-0.9168293135772694,-0.47045917853205127
1.4248330171848358,-1.4932463197409143,-0.4164391494270784
1.4248330171848358,-1.4932463197409143,-0.42775267479236934
1.4248330171848358,1.3888387110773108,-0.4596661301206114
1.4342802708626345,1.3888387110773108,-0.29033306221372
1.4342802708626345,1.3888387110773108,-0.29033306221372
1.4342802708626345,-0.3404123074136243,1.5587298001522385
1.4342802708626345,0.2360046987500207,-0.4313138328976668
1.4342802708626345,-0.9168293135772694,-0.45814578954488827
1.4342802708626345,1.3888387110773108,-0.43045093689522934
1.4437275245404333,-0.9168293135772694,-0.4694867084340662
1.4531747782182318,-0.9168293135772694,-0.46918537967131024
1.4531747782182318,-1.4932463197409143,-0.3625834814654269
1.4531747782182318,-0.3404123074136243,1.5587298001522385
1.4531747782182318,1.3888387110773108,-0.36214518508323645
1.4531747782182318,0.2360046987500207,-0.43166994870819647
1.4531747782182318,-1.4932463197409143,-0.4407645986386483
1.4531747782182318,0.8124217049136657,-0.37651308836191716
1.4626220318960306,1.3888387110773108,-0.424314787544563
1.4626220318960306,-0.9168293135772694,-0.4691305926235365
1.4626220318960306,0.8124217049136657,-0.376266546646935
1.4626220318960306,0.8124217049136657,-0.37874566055869974
1.4720692855738293,-0.3404123074136243,1.5587298001522385
1.4720692855738293,0.2360046987500207,-0.4364638153884045
1.4720692855738293,1.3888387110773108,-0.47137686158226255
1.4720692855738293,1.3888387110773108,-0.4331081087122589
1.481516539251628,0.8124217049136657,-0.4116178892229834
1.481516539251628,0.2360046987500207,-0.38379976571583335
1.4909637929294268,-0.9168293135772694,-0.47674599226409553
1.4909637929294268,-1.4932463197409143,-0.37740337788824146
1.509858300285024,-0.9168293135772694,-0.4705139655798251
1.509858300285024,1.3888387110773108,-0.3790332925595122
1.509858300285024,-1.4932463197409143,-0.3983731204236658
1.5193055539628229,-0.3404123074136243,1.5587298001522385
1.5287528076406216,-0.9168293135772694,-0.4517220081934095
1.5287528076406216,-0.3404123074136243,1.5587298001522385
1.5287528076406216,-1.4932463197409143,-0.4559132173481057
1.5382000613184204,0.8124217049136657,-0.4197263722935067
1.5382000613184204,0.2360046987500207,-0.42513659326117015
1.5476473149962189,-0.9168293135772694,-0.4630355335587005
1.5476473149962189,-0.3404123074136243,1.5587298001522385
1.5476473149962189,1.3888387110773108,-0.4190552309582776
1.5570945686740176,1.3888387110773108,-0.4489004752330585
1.5570945686740176,-0.3404123074136243,1.5587298001522385
1.5665418223518164,-0.9168293135772694,-0.4661310017579206
1.5665418223518164,0.8124217049136657,-0.40838545340432886
1.5665418223518164,-1.4932463197409143,-0.45220139486143035
1.5665418223518164,-0.3404123074136243,1.5587298001522385
1.5759890760296151,-0.3404123074136243,1.5587298001522385
1.5759890760296151,-1.4932463197409143,-0.44375049274232076
1.5854363297074137,-1.4932463197409143,-0.40252323929253164
1.5854363297074137,-1.4932463197409143,-0.46752807147615266
1.5854363297074137,0.2360046987500207,-0.4312179555640626
1.5948835833852124,0.2360046987500207,-0.3930313832657197
1.5948835833852124,0.8124217049136657,-0.44590088436744263
1.5948835833852124,-0.3404123074136243,1.5587298001522385
1.5948835833852124,-1.4932463197409143,-0.3859501573409552
1.6043308370630112,0.8124217049136657,-0.44199730721355895
1.6043308370630112,-1.4932463197409143,-0.4628437788914922
1.6043308370630112,-0.9168293135772694,-0.474335362162048
1.61377809074081,0.8124217049136657,-0.4580225186873973
1.61377809074081,1.3888387110773108,-0.42979349232194364
1.61377809074081,1.3888387110773108,-0.3919904293580173
1.6232253444186087,-1.4932463197409143,-0.3993045002358205
1.6232253444186087,-0.3404123074136243,1.5587298001522385
1.6232253444186087,1.3888387110773108,-0.3827040247603572
1.6232253444186087,0.2360046987500207,-0.42113713877368225
1.6326725980964072,-0.9168293135772694,-0.4679252775725128
1.6326725980964072,-1.4932463197409143,-0.35998109669617107
1.6326725980964072,1.3888387110773108,-0.4067144484472277
1.642119851774206,0.2360046987500207,-0.3669116582395576
1.6515671054520047,0.2360046987500207,-0.43053311746689005
1.6515671054520047,0.8124217049136657,-0.3925793901215858
1.6610143591298034,0.8124217049136657,-0.4372582275811247
1.6610143591298034,0.8124217049136657,-0.4246982968789797
1.6610143591298034,-0.3404123074136243,1.5587298001522385
1.6610143591298034,1.3888387110773108,-0.4751434711167117
1.670461612807602,-0.3404123074136243,1.5587298001522385
1.670461612807602,0.8124217049136657,-0.4635423137506082
1.670461612807602,0.2360046987500207,5.520576454452164
1.670461612807602,-1.4932463197409143,-0.36099465707998646
1.6799088664854007,0.2360046987500207,-0.458378634497927
1.6893561201631995,0.8124217049136657,-0.4554886177278587
1.6893561201631995,-0.3404123074136243,1.5587298001522385
1.6893561201631995,-1.4932463197409143,-0.4423534230240887
1.6893561201631995,0.8124217049136657,-0.390127669733708
1.6893561201631995,-0.3404123074136243,1.5587298001522385
1.6988033738409982,-1.4932463197409143,-0.46306292708258745
1.6988033738409982,1.3888387110773108,-0.3588579622168081
1.6988033738409982,0.2360046987500207,-0.4475855860864872
1.6988033738409982,-0.9168293135772694,-0.4737190078745927
1.6988033738409982,-0.3404123074136243,1.5587298001522385
